,loss,categorical_accuracy,auc_3,val_loss,val_categorical_accuracy,val_auc_3
0,0.4174027144908905,0.8273958563804626,0.9537124037742615,0.24176104366779327,0.9141666889190674,0.9822165966033936
1,0.19178450107574463,0.9333333373069763,0.9884951114654541,0.19165019690990448,0.9354166388511658,0.98990398645401
2,0.14495229721069336,0.9489583373069763,0.9932762980461121,0.12415346503257751,0.9599999785423279,0.9943795204162598
3,0.11937274783849716,0.9606249928474426,0.9947101473808289,0.1546095460653305,0.9541666507720947,0.9909652471542358
4,0.10404442995786667,0.9641666412353516,0.9956747889518738,0.10415885597467422,0.96875,0.995760977268219
5,0.09166854619979858,0.9690625071525574,0.9965948462486267,0.10482639819383621,0.9695833325386047,0.9950389862060547
6,0.07500806450843811,0.9745833277702332,0.9971753358840942,0.1734122782945633,0.9583333134651184,0.9901204705238342
7,0.07275111228227615,0.9751041531562805,0.9976876378059387,0.14659838378429413,0.9541666507720947,0.9927335977554321
