,loss,categorical_accuracy,auc,val_loss,val_categorical_accuracy,val_auc
0,32778467328.0,0.3318749964237213,0.5027393698692322,1.1052075624465942,0.3333333432674408,0.5
1,1.1084617376327515,0.3331249952316284,0.4979935884475708,1.098726511001587,0.3333333432674408,0.4999999701976776
2,1.1065808534622192,0.32885417342185974,0.4963693618774414,1.1106585264205933,0.3333333432674408,0.4999999701976776
3,1.1062257289886475,0.33406248688697815,0.4989374876022339,1.1045105457305908,0.3333333432674408,0.4999999701976776
