,loss,categorical_accuracy,auc_4,val_loss,val_categorical_accuracy,val_auc_4
0,1.0536681413650513,0.8660416603088379,0.9458397626876831,0.15856990218162537,0.9420833587646484,0.991946816444397
1,0.2805294096469879,0.9082291722297668,0.9799395799636841,0.13745519518852234,0.95291668176651,0.9938385486602783
2,0.23354771733283997,0.918749988079071,0.9852067232131958,0.15924763679504395,0.9416666626930237,0.9935323596000671
3,0.24492721259593964,0.9172916412353516,0.9845228791236877,0.09704180806875229,0.965416669845581,0.996805727481842
4,0.22390016913414001,0.9281250238418579,0.9862021803855896,0.0934332013130188,0.96875,0.9974573850631714
5,0.23520563542842865,0.9183333516120911,0.9855465888977051,0.10424301773309708,0.9616666436195374,0.996502161026001
6,0.19223743677139282,0.934583306312561,0.9901347160339355,0.12161551415920258,0.9591666460037231,0.9954730868339539
7,0.17376871407032013,0.9428125023841858,0.9912064075469971,0.10145705193281174,0.9629166722297668,0.996452271938324
